第63章-十年之约.txt,0,0
第62章-诱人的权力.txt,0,0
第61章-复仇吗？.txt,0,0
第60章-真正的真相.txt,0,0
第59章-筹码.txt,0,0
第58章-翻脸.txt,0,0
第57章-联手揭露.txt,0,0
第56章-祭典日游行.txt,0,0
第55章-坚持留下.txt,0,0
第54章-窥见真相.txt,0,0
第53章-大变活人.txt,0,0
第52章-接头.txt,0,0
第51章-眼熟的江湖人.txt,0,0
第50章-神迹原来如此.txt,0,0
第49章-不死圣童.txt,0,0
第48章-摄魂.txt,0,0
第47章-邪神.txt,0,0
第46章-圣女.txt,0,0
第45章-凤尾屿.txt,2791,3150
第44章-堂姐.txt,3635,4118
第43章-新生.txt,4272,4925
第42章-双赢.txt,2994,3407
第41章-少年英才.txt,2812,3199
第40章-回山.txt,3311,3798
第39章-头七.txt,3159,3587
第38章-痊愈.txt,3400,3943
第37章-影脑.txt,3938,4488
第36章-陷阱.txt,4308,4823
第35章-下去救人.txt,2766,3172
第34章-风家主楼.txt,3082,3460
第33章-又入幻境.txt,3569,4052
第32章-遗骸.txt,2889,3253
第31章-要去新世界吗.txt,2252,2625
第30章-琥珀.txt,4852,5366
第29章-大蘑菇.txt,3926,4371
第28章-林前辈.txt,2831,3177
第27章-蓝色物质.txt,2936,3275
第26章-进不去了.txt,3925,4411
第25章-没时间了.txt,3212,3627
第24章-山谷旧事（下）.txt,3004,3431
第23章-山谷旧事（中）.txt,3629,4116
第22章-山谷旧事（上）.txt,3720,4186
第21章-治好你，打败你.txt,3353,3834
第20章-进谷.txt,3478,3976
第19章-归梦谷.txt,3321,3710
第18章-同归.txt,3660,4232
第17章-故土.txt,3074,3521
第16章-拼死相救.txt,3017,3465
第15章-救不救.txt,3194,3687
第14章-灭掌门.txt,3235,3608
第13章-斩门徒.txt,2873,3263
第12章-辩驳.txt,4673,5385
第11章节-求医.txt,3754,4354
第10章节-下山.txt,4152,4721
第9章节-雁归暮.txt,3499,4039
第8章节-灭口.txt,4975,5684
第7章节-栽赃.txt,3259,3721
第6章节-医妇.txt,3024,3505
第5章节-繁楼.txt,4414,5049
第4章节-疫症.txt,3411,3857
第3章节-教训.txt,3205,3634
第2章节-传刀.txt,3353,3806
第1章节-回山.txt,3179,3613
